"Location","Country","Area_km"
"Huambo","AGO",2891.00764861775
"Luanda","AGO",6032.54622039001
"Ogbomosho","NGA",248.560164842653
"Nassau","BHS",231.355109981788
"Bridgetown","BRB",215.587611261521
"Minsk","BLR",2230.04971611989
"Gomel","BLR",2076.25770863992
"Praia","CPV",99.5729919761959
"Suva","FJI",437.446681456774
"Abidjan","CIV",1963.81587449126
"Yamoussoukro","CIV",1930.81329877908
"Chişinău","MDA",896.315031702317
"AHVAZ","IRN",7368.38182094876
"Vigo","ES",1344.42677899658
"Luxembourg","LU",2583.42533953643
"Macao","MAC",34.2338289268144
"Skopje","MKD",564.319473382867
"Antananarivo","MDG",453.872075052515
"Lilongwe","MWI",364.108880604062
"Blantyre City","MWI",235.203030683652
"Kota Kinabulu","MYS",394.906571840285
"Georgetown (Malaysia)","MYS",272.751913870563
"Kota Bharu","MYS",370.821780588134
"Johor Bahru","MYS",1559.41960412586
"Malacca","MYS",542.099355190816
"Kuala Lumpur","MYS",3979.29836000193
"Ipoh","MYS",2281.26526648772
"Kuantan","MYS",823.344818004871
"Kuala Muda","MYS",286.163173417477
"Seremban","MYS",710.638277187288
"Kuching","MYS",1493.17140403221
"Male","MDV",1.34496481624766
"Bamako","MLI",2970.5709063174
"Valletta","MT",244.808126281252
"Nouakchott","MRT",1498.55628504624
"Port Louis","MUS",910.968575047727
"Libreville","GAB",2250.29845282723
"Banjul","GMB",2037.86221340668
"Tbilisi","GEO",507.42792053069
"Aachen","DE",702.133289061945
"Augsburg","DE",1991.38660748806
"Leipzig","DE",3964.42660955849
"Mannheim-Ludwigshafen","DE",2033.52545912622
"Muenster","DE",1408.49807101643
"Frankfurt am Main","DE",4288.6217401501
"Dusseldorf","DE",1197.08200161053
"Hanover","DE",2967.60914083722
"Wiesbaden","DE",1009.81434268301
"Cologne","DE",1618.19631352807
"Erfurt","DE",2842.84496418574
"Karlsruhe","DE",1255.01424974215
"Freiburg im Breisgau","DE",2207.18511767829
"Bonn","DE",1290.74333461971
"Mainz","DE",695.35277350168
"Kiel","DE",3344.46203242451
"Braunschweig-Salzgitter Wolfsburg","DE",4110.34522899768
"Berlin","DE",17414.6813600065
"Hamburg","DE",7173.23201854884
"Munich","DE",5481.46080025305
"Stuttgart","DE",3638.40424529627
"Dresden","DE",5811.82739407596
"Bremen","DE",5867.74000505291
"Nuremberg","DE",2923.6789362757
"Halle an der Saale","DE",1571.54153158426
"Ruhr","DE",4419.73955750093
"Kumasi","GHA",2046.55888576073
"Accra","GHA",2565.42683346362
"Athens","EL",1928.29659866485
"Thessaloniki","EL",2760.24618138142
"Guatemala City","GTM",2570.81636119977
"Bissau","GNB",360.173990585917
"Conakry","GIN",2414.569072591
"Georgetown (Guyana)","GUY",120.61397247749
"Port-Au-Prince","HTI",1079.38931764001
"Hong Kong (City)","HKG",583.546965434267
"Budapest","HU",6377.72214916215
"Reykjavik","ISL",1685.19398394308
"Vadodara","IND",678.977293753352
"Delhi","IND",7420.35916736839
"Chennai","IND",2964.58442233845
"Guwahati","IND",1021.58531620242
"Gorakhpur","IND",1179.98191563554
"Bhubaneswar","IND",356.128994427493
"Amravati","IND",905.650710939989
"Prayagraj","IND",1654.20393693589
"Belgaum","IND",1009.68740928767
"Mangalore","IND",2019.73242663871
"Pune","IND",3855.24046138458
"Solapur","IND",684.686254462127
"Nagpur","IND",1995.91406248871
"Salem","IND",1644.41314748279
"Bhopal","IND",1364.9404058165
"Dhanbad","IND",1046.73798341248
"Jalandhar","IND",1007.34551934084
"Bengaluru","IND",3534.1131226468
"Srinagar","IND",608.584964999755
"Madurai","IND",702.402119129383
"Surat","IND",995.030957951784
"Amritsar","IND",559.073075294354
"Varanasi","IND",3324.90008725692
"Cuttack","IND",546.253222847963
"Jammu","IND",1058.06021495832
"Thiruvananthapuram","IND",2035.03972020735
"Mysore","IND",801.351860735964
"Bikaner","IND",3711.79733732795
"Jaipu","IND",1255.76308386859
"Kannur","IND",1644.14662721684
"Rajkot","IND",1128.7074846951
"Bhilai Nagar","IND",683.85617255673
"Bhavnagar","IND",758.744621483763
"Moradabad","IND",776.061572164735
"Guntur","IND",482.584263003012
"Patna","IND",813.740146611786
"Visakhapatnam","IND",556.127570842013
"Pondicherry","IND",211.435384532329
"Aligarh","IND",1072.97477352912
"Ludhiana","IND",1215.00629170353
"Aurangabad","IND",2663.17962355826
"Asansol","IND",1086.31082647369
"Kanpur","IND",1070.12241363021
"Meerut","IND",948.626649808967
"Lucknow","IND",2287.74846049273
"Ahmedabad","IND",2448.60025343174
"Faizabad","IND",929.595867547129
"Muzaffarpur","IND",617.872700205472
"Jabalpur","IND",1585.51117876515
"Bareilly","IND",724.144472708908
"Kota","IND",1463.53241959015
"Raipur","IND",631.844334570658
"Coimbatore","IND",2216.50396791701
"Chandigarh","IND",1271.91891189353
"Kochi","IND",3134.28949346235
"Nashik","IND",894.141801315786
"Warangal","IND",569.465489914938
"Indore","IND",2036.34604906688
"Bokaro","IND",784.463015831221
"Hubli-Dharwad","IND",1121.47298187144
"Tiruchirappalli","IND",710.892743467879
"Ranchi","IND",1188.37613267133
"Tiruppur","IND",1568.11827558693
"Kozhikode","IND",1075.37131813963
"Gwalior","IND",2674.48984692379
"Jodhpur","IND",3570.56031233132
"Hyderabad","IND",2333.74948827552
"Vijayawada","IND",542.890388484131
"Jamshedpur","IND",699.572257546088
"Agra","IND",1009.1860442647
"Kolkata","IND",5904.61561455433
"Mumbai","IND",2847.99592961041
"Samarinda","IDN",1357.39610223365
"Makassar","IDN",1143.98570675495
"Jambi","IDN",870.423451219308
"Palembang","IDN",1677.70996428406
"Medan","IDN",2180.32810117936
"Pontianak","IDN",2692.64269595926
"Bandung","IDN",3329.12345322475
"Surabaya","IDN",4660.6585231194
"Semarang","IDN",2232.54377042419
"Pekanbaru","IDN",476.438398718792
"Yogyakarta","IDN",4570.44836567388
"Bandjarmasin","IDN",1126.04708648388
"Bandar Lampung","IDN",810.454311639089
"Denpasar","IDN",1059.54086947392
"Padang","IDN",828.83410357372
"Jakarta","IDN",10486.5531022157
"QOM","IRN",11482.0767824502
"ZAHEDAN","IRN",30335.415564489
"SHIRAZ","IRN",6102.60400939505
"TEHRAN","IRN",8083.1001750256
"TABRIZ","IRN",3782.37916963022
"RASHT","IRN",1219.94856204331
"KERMAN","IRN",45037.1084582201
"ORUMIYEH","IRN",5282.26651225589
"ESFAHAN","IRN",17887.6858558681
"MASHHAD","IRN",9344.59789468233
"KERMANSHAH","IRN",5778.46348203248
"BAGHDAD","IRQ",3359.25598186807
"Dublin","IE",6967.04274032602
"Haifa","ISR",576.394429914019
"Tel Aviv","ISR",1020.59177995365
"Jerusalem","ISR",618.215035153842
"Padua","IT",611.040663342285
"Venice","IT",658.543434029752
"Florence","IT",1733.79450974793
"Catania","IT",607.994710160628
"Rome","IT",6155.11981004651
"Bologna","IT",1849.45353147681
"Bergamo","IT",186.047285538677
"Turin","IT",1693.68767346975
"Verona","IT",731.29710013342
"Naples","IT",1509.34605512606
"Genoa","IT",1195.42685498385
"Palermo","IT",1496.75100256468
"Bari","IT",1126.33030654514
"Milan","IT",3841.11681511453
"Kingston","JAM",975.452342264492
"Tokyo","JPN",11330.9969854343
"Kumamoto","JPN",2034.4448114892
"Hamamatsu","JPN",1736.41995330309
"Niigata","JPN",739.468653480061
"Utsunomiya","JPN",1781.99786390782
"Kagoshima","JPN",1036.170114195
"Matsuyama","JPN",981.000234696593
"Osaka-Kyoto","JPN",8727.27558049769
"Nagoya","JPN",7550.04735338791
"Fukuoka","JPN",1508.24338129996
"Sapporo","JPN",2640.25872287435
"Sendai","JPN",1911.77618426648
"Okayama","JPN",2739.8343225187
"Hiroshima","JPN",1877.65625096096
"Kitakyushu","JPN",1016.85333162852
"AMMAN","JOR",7054.6084527732
"Nur-Sultan","KAZ",713.832293152176
"Almaty","KAZ",703.763052345411
"Mombasa","KEN",224.758481445576
"Nairobi","KEN",1318.31989337179
"Kuwait City","KWT",24509.9149050557
"Bishkek","KYR",161.942703211299
"Vientiane","LAO",321.176018324495
"Riga","LV",6126.22608220915
"BEIRUT","LBN",1515.75299691017
"Maseru","LSO",181.95069172349
"Monrovia","LBR",784.599480185333
"Tripoli","LBY",3403.03099782463
"Vilnius","LT",4227.84521753291
"Abu Dhabi","ARE",11397.7475490154
"Kabul","AFG",2033.52697499182
"Tirana","ALB",632.004494307308
"Oran","DZA",911.708931208763
"Constantine","DZA",632.98153472298
"Algiers","DZA",1962.04066710726
"Rosario","ARG",3874.8863882681
"Mendoza","ARG",14664.9007242962
"Buenos Aires","ARG",9339.78841580044
"Córdoba","ARG",2944.59678529266
"San Miguel De Tucumán","ARG",3243.83632650599
"La Plata","ARG",1152.6460719278
"Salta","ARG",3352.75046681695
"Yerevan","ARM",1040.09320334439
"Canberra","AUS",2360.79551993168
"Sydney","AUS",12379.1320202199
"Melbourne","AUS",9995.92013469765
"Brisbane","AUS",15855.1668296197
"Perth","AUS",6434.93243948343
"Adelaide","AUS",3253.03146026057
"Linz","AT",3582.20354805989
"Graz","AT",1196.3187846965
"Vienna","AT",9165.3341284037
"Baku","AZE",2751.31684147462
"MANAMA","BHR",674.117897259209
"Dhaka","BGD",6014.32680237262
"Rajshahi","BGD",485.665951447836
"Chittagong","BGD",1858.06718726169
"Khulna","BGD",424.650097781849
"Antwerp","BE",1182.79866436244
"Gent","BE",1010.37370348156
"Liege","BE",1408.44468684927
"Charleroi","BE",1093.51543862048
"Brussels","BE",3250.79217447794
"Cotonou","BEN",791.911272598328
"La Paz","BOL",3442.9070508794
"Santa Cruz","BOL",3845.11800183311
"Cochabamba","BOL",2677.74172464789
"SARAJEVO","BIH",809.138560297175
"Gaborone","BWA",809.790068337429
"Grande São Luís","BRA",1412.4702004191
"Manaus","BRA",11453.2644083724
"Baixada Santista","BRA",1619.69049438576
"Natal","BRA",1196.0925024512
"Ribeirao Prêto","BRA",1280.6945699417
"Goiânia","BRA",4031.9277476662
"Joinville","BRA",1512.63422148733
"Belo Horizonte","BRA",3849.80016923852
"São Paulo","BRA",7204.16475571815
"Fortaleza","BRA",3096.88186077289
"Teresina","BRA",3148.29385180426
"Aracaju","BRA",1035.09838544735
"Rio de Janeiro","BRA",4599.36745201016
"Salvador","BRA",957.895605297177
"Recife","BRA",1706.46286722789
"Florianópolis","BRA",2316.33536866024
"Sao José dos Campos","BRA",2112.86111503505
"Cuiabá","BRA",4561.53843629898
"Belém","BRA",1546.81464177343
"Campo Grande","BRA",8103.94104501741
"Brasília","BRA",5803.42758082265
"Maceió","BRA",1180.23534505171
"Curitiba","BRA",5485.27784556958
"Sorocaba","BRA",1172.33722556496
"João Pessoa","BRA",1184.75929931632
"Porto Alegre","BRA",3530.18824764001
"Plovdiv","BG",2766.4190329741
"Sofia","BG",5706.88909829718
"Varna","BG",2038.4555791071
"Ouagadougou","BFA",1701.69045590333
"Bujumbura","BDI",121.712162301436
"Phnom Penh","KHM",886.501948571234
"Douala","CMR",586.18431340015
"Yaoundé","CMR",1842.08576031258
"Vancouver","CAN",4070.76314053147
"Edmonton","CAN",9816.34335342527
"Winnipeg","CAN",5390.88441871792
"Calgary","CAN",5225.96528694996
"Ottawa-Gatineau","CAN",7152.16108671945
"Halifax","CAN",7597.70543649716
"Montréal","CAN",5177.51434923791
"Quebec City","CAN",3784.51015912187
"Toronto","CAN",6333.8421595186
"Hamilton","CAN",1409.62736885398
"Bangui","CAF",3269.73720355196
"N'Djamena","TCD",423.784855858304
"Valparaíso","CHL",1435.12897373391
"Santiago","CHL",11366.158100641
"Concepción","CHL",1982.33181217325
"Xianyang","CHN",396.489353124933
"Fuzhou","CHN",2393.25020827545
"Datong","CHN",1217.71002399754
"Anyang","CHN",963.960169484558
"Baoding","CHN",1086.45850776033
"Cangzhou","CHN",909.896219283077
"Nanchong","CHN",457.925923692185
"Taiyuan","CHN",1454.46529669086
"Zaozhuang","CHN",1681.22833793932
"Guigang","CHN",422.28344004798
"Shangqiu","CHN",982.813339687846
"Zhuhai","CHN",837.963888032035
"Weihai","CHN",238.875283076092
"Wuhan","CHN",3328.20836759298
"Jining","CHN",541.856197186329
"Hefei","CHN",3113.88551959868
"Fuyang","CHN",792.85997282636
"Lanzhou","CHN",1411.60075845509
"Changzhou","CHN",1504.6912865602
"Yancheng","CHN",1017.40630144609
"Jilin","CHN",980.663133077943
"Zunyi","CHN",662.53818314337
"Taizhou (Jiangsu)","CHN",893.629942676778
"Jinan","CHN",2495.15556690082
"Qiqihar","CHN",992.862172567325
"Yichun","CHN",502.792901389007
"Lianyungang","CHN",785.315777338904
"Zibo","CHN",2989.692554992
"Liuan","CHN",448.586356265349
"Huaihua","CHN",338.056007134933
"Dalian","CHN",1334.3159428549
"Nanning","CHN",1388.4227104479
"Handan","CHN",921.424265420202
"Zhangjiakou","CHN",551.838996029366
"Liuzhou","CHN",917.223723343554
"Shaoyang","CHN",846.317001061895
"Hengyang","CHN",1032.8681246667
"Ganzhou","CHN",1027.04593348427
"Mianyang","CHN",775.660705156268
"Shenyang","CHN",2187.44245827378
"Foshan","CHN",3649.6503470835
"Baoji","CHN",1648.23004480176
"Urumqi","CHN",1241.53888046977
"Jiangmen","CHN",2645.12395915534
"Changde","CHN",709.312381459442
"Baotou","CHN",1459.62289689824
"Shangrao","CHN",599.915091831873
"Beijing","CHN",6162.48992853207
"Shantou","CHN",6381.1558011232
"Chongqing","CHN",2717.62827887721
"Jiujiang","CHN",672.819892183438
"Yuncheng","CHN",419.965305026824
"Dezhou","CHN",764.477145207731
"Huizhou","CHN",1408.54948587148
"Liaocheng","CHN",515.212389147582
"Shanghai","CHN",6371.3007087708
"Hohhot","CHN",1159.21700955332
"Langfang","CHN",721.643046050799
"Yichang","CHN",1195.87627721592
"Zhumadian","CHN",491.594284209663
"Xinyang","CHN",602.730679783288
"Zhuzhou","CHN",530.749563498282
"Yibin","CHN",594.190410289479
"Xingtai","CHN",789.553301145143
"Puyang","CHN",558.311108665726
"Quanzhou","CHN",3714.88417955672
"Zhenjiang","CHN",354.511607420044
"Tangshan","CHN",1898.1663417486
"Jiaxing","CHN",1566.80155304385
"Qingyuan","CHN",624.177726227463
"Pingdingshan","CHN",469.178350309637
"Luoyang","CHN",1205.17260278647
"Jingzhou","CHN",813.859473701719
"Guiyang","CHN",1641.75504789093
"Zhoukou","CHN",450.985464455109
"Huainan","CHN",1224.05854617097
"Haikou","CHN",954.846275638746
"Linfen","CHN",525.390843617476
"Nantong","CHN",1698.78439099848
"Suzhou (Jiangsu)","CHN",7307.02555052157
"Jiaozuo","CHN",1055.90889115811
"Suzhou (Anhui)","CHN",365.828763690948
"Yulin","CHN",497.374488550152
"Shijiazhuang","CHN",1970.2529819294
"Wuhu","CHN",716.423120596248
"Anshan","CHN",1195.73726741725
"Xinxiang","CHN",1315.58516944566
"Hangzhou","CHN",5132.31768339461
"Maanshan","CHN",579.731523600897
"Huanggang","CHN",582.825882133134
"Yangzhou","CHN",1025.94648552945
"Yantai","CHN",1588.13492042039
"Huaian","CHN",889.394497235613
"Yinchuan","CHN",1793.88345664503
"Nanjing","CHN",2768.26506574347
"Chifeng","CHN",1079.31214435981
"Changsha","CHN",1623.84341273543
"Bozhou","CHN",264.316476131999
"Qujing","CHN",811.88475475278
"Daqing","CHN",550.693707312555
"Changchun","CHN",2138.87164386217
"Zhaoqing","CHN",528.970897661948
"Taizhou (Zhejiang)","CHN",2173.97907444334
"Weinan","CHN",345.497330702446
"Deyang","CHN",269.091320739563
"Qingdao","CHN",2741.31027420199
"Xiaogan","CHN",484.59031035158
"Dazhou","CHN",214.021909724218
"Binzhou","CHN",388.53602790041
"Dongying","CHN",1275.20458384726
"Zhaotong","CHN",588.099641756911
"Kunming","CHN",1902.2659204489
"Zhongshan","CHN",779.543401198458
"Nanyang","CHN",811.543253789692
"Chengdu","CHN",4054.90599609504
"Xuchang","CHN",550.663580991119
"Zhanjiang","CHN",626.005754444132
"Wenzhou","CHN",1868.25113502045
"Kaifeng","CHN",599.801985365758
"Yueyang","CHN",1526.73923645005
"Nanchang","CHN",2516.29100394141
"Ningbo","CHN",1986.78404923435
"Hengshui","CHN",493.741925117567
"Maoming","CHN",712.367424600769
"Xuzhou","CHN",1859.6739202784
"Anqing","CHN",549.288325128522
"Huzhou","CHN",588.250704326298
"Suqian","CHN",671.185731073576
"Rizhao","CHN",695.997071377965
"Heze","CHN",966.119021268284
"Xian","CHN",2716.50210151478
"Zhengzhou","CHN",2420.30264990433
"Taian","CHN",602.28886804421
"Putian","CHN",1008.61127627047
"Zhangzhou","CHN",511.754202477691
"Qinhuangdao","CHN",572.230226131376
"Chenzhou","CHN",314.612660587752
"Jinhua","CHN",790.834986887877
"Tianjin","CHN",2557.23526517056
"Fushun","CHN",1016.45137699839
"Huangshi","CHN",1431.02837417432
"Weifang","CHN",1126.94634400552
"Linyi","CHN",1972.11048036724
"Xiangfan","CHN",1327.5499841115
"Guilin","CHN",1103.84644900835
"Xiamen","CHN",2195.39077832101
"Harbin","CHN",1627.76088394621
"Dongguan","CHN",3406.81878501917
"Guangzhou","CHN",2031.74842310175
"Shenzhen","CHN",2421.12295584713
"Medellín","COL",957.008315114466
"Barranquilla","COL",1384.86690778825
"Cartagena","COL",1981.20415494538
"Ibagué","COL",1378.8831049596
"Cali","COL",1631.15474424092
"Cúcuta","COL",1500.63451993823
"BucaramangA","COL",1227.99108202393
"Bogotá","COL",2639.22098265351
"Brazzaville","COG",6072.20946338666
"Pointe-Noire","COG",17423.5161193843
"San José (Costa Rica)","CRI",2832.01923114928
"Zagreb","HR",5048.96500864763
"Havana","CUB",1448.6134919964
"Nicosia","CY",205.450508536894
"Brno","CZ",2670.25654730499
"Prague","CZ",5674.04974514634
"Ostrava","CZ",1423.63547899633
"Kinshasa","COD",10768.7842617295
"Aarhus","DK",2386.01488294909
"Copenhagen","DK",3609.63587935601
"Djibouti City","DJI",190.018348666146
"Santo Domingo","DOM",1680.9247460878
"Dubai-Sharjah-Ajman","ARE",2714.27746022057
"Guayaquil","ECU",904.309278510835
"Quito","ECU",1390.70401790448
"Cairo","EGY",11847.4159575236
"Alexandria","EGY",1741.43634501273
"Luxor","EGY",630.987287821771
"El-Mansoura","EGY",664.008635399964
"Suez","EGY",2404.70260053585
"Port Said","EGY",280.9469703207
"Mahalla el-Kubra","EGY",22.2742628214023
"San Salvador","SLV",2608.87407451813
"Malabo","GNQ",617.832042349611
"Asmara","ERI",1242.43480843351
"Tallinn","EE",4327.09619559853
"Mbabane","SWZ",435.045972200708
"Addis Ababa","ETH",2425.80154817874
"Tampere","FI",6849.89653132597
"Helsinki","FI",4655.10157297516
"Clermont-Ferrand","FR",2659.39330082241
"Montpellier","FR",2232.09279517781
"Dijon","FR",3849.16858869776
"Orleans","FR",2912.05335386436
"Grenoble","FR",2653.86409508195
"Caen","FR",2238.33578679205
"Bordeaux","FR",5527.98097376012
"Tours","FR",2846.06452627812
"Nantes","FR",3153.1886390418
"Strasbourg","FR",2034.50596895134
"Toulouse","FR",5241.67618887102
"Lyon","FR",3662.08416413988
"Nancy","FR",2825.95557180725
"Marseille","FR",4231.65411003336
"Nice","FR",3060.53521187829
"Paris","FR",12050.5529381019
"Lille","FR",1440.33578677492
"Saint-Etienne","FR",1804.82955715354
"Rennes","FR",3807.56705770685
"Toulon","FR",1046.34947822266
"Rouen","FR",2857.35314269397
"Monterrey","MEX",7237.05537131353
"Matamoros","MEX",4640.08080857551
"Reynosa","MEX",4745.8250171007
"Morelia","MEX",2027.1194407384
"Mexico City","MEX",4604.67378774621
"Guadalajara","MEX",3420.7315800804
"Puebla","MEX",2282.02927144216
"Toluca","MEX",2634.49264641657
"León","MEX",1223.95264077966
"Querétaro","MEX",6003.71054568578
"Mérida","MEX",12919.3324537178
"San Luis Potosí","MEX",7596.76571851128
"Cuernavaca","MEX",1189.39449829561
"Veracruz","MEX",1453.85317769886
"Aguascalientes","MEX",1180.84833985691
"Acapulco","MEX",1731.61662769159
"Tampico","MEX",2115.70940505859
"Xalapa","MEX",1370.63058247293
"Cancún","MEX",2117.97161539751
"Oaxaca","MEX",2134.65573422608
"Tijuana","MEX",1237.79593629573
"Mexicali","MEX",15657.6099129928
"Hermosillo","MEX",16993.363585164
"Chihuahua","MEX",8390.44636109514
"Juárez","MEX",3553.03082927413
"Culiacán","MEX",6322.33671012592
"Saltillo","MEX",5628.22196613419
"Tuxtla Gutiérrez","MEX",335.227838442709
"Ulaanbaatar","MON",4909.03221772002
"Podgorica","MNE",1462.48291284528
"Tangier","MAR",445.275295586268
"Rabat","MAR",988.84288327799
"Marrakech","MAR",673.374097730279
"Agadir","MAR",756.813671210033
"Meknes","MAR",451.131842399022
"Casablanca","MAR",1027.4557763487
"Fes","MAR",890.375874372283
"Beira","MOZ",641.949583729084
"Maputo","MOZ",1337.06581507357
"Nay Pyi Taw","MMR",1209.3982559175
"Yangon","MMR",1979.89833791451
"Mandalay","MMR",3119.3598512701
"Windhoek","NAM",477.728787497925
"Kathmandu","NPL",636.17625730164
"The Hague","NL",417.223158084228
"Utrecht","NL",969.170696064805
"Amsterdam","NL",3311.75004067105
"Groningen","NL",2056.25267977009
"Eindhoven","NL",1438.13798505516
"Rotterdam","NL",2144.79422017433
"AUCKLAND","NZL",2297.63898336948
"WELLINGTON","NZL",891.738024547887
"CHRISTCHURCH","NZL",1272.54995612039
"Managua","NIC",1058.79532132625
"Niamey","NER",556.728612151475
"Kano","NGA",1996.44524568669
"Ibadan","NGA",3106.78660256131
"Aba","NGA",380.490052879738
"Kaduna","NGA",7795.16963109495
"Abuja","NGA",4385.07368631808
"Benin City","NGA",5549.35163229706
"Zaria","NGA",617.493520795889
"Abeokuta","NGA",2432.66607514571
"Onitsha","NGA",3162.44394461553
"Enugu","NGA",1460.87420439267
"Jos","NGA",807.577356493965
"Port Harcourt","NGA",372.432547531287
"Lagos","NGA",5518.07227838217
"Ilorin","NGA",2045.51730058365
"Maiduguri","NGA",5869.15124238447
"Bergen","NO",3282.55617800919
"Oslo","NO",7376.26319440051
"MUSCAT","OMAN",754.9682611253
"Quetta","PAK",1565.82789548728
"Faisalabad","PAK",3228.19900436179
"Multan","PAK",1940.59612718655
"Hyderabad (Pakistan)","PAK",2243.08430128618
"Peshawar","PAK",5984.08999725244
"Karachi","PAK",3668.58602089821
"Islamabad-Rawalpindi","PAK",2542.45610366168
"Gujranwala","PAK",1536.31632434881
"Lahore","PAK",4395.7321813406
"Panama City","PAN",2522.64828841425
"Port Moresby","PNG",266.083114891714
"Asunción","PRY",32882.4537937892
"Trujillo","PER",1245.24041184012
"Chiclayo","PER",768.765543497423
"Arequipa","PER",1340.51058236609
"Lima","PER",2736.3496775383
"Davao City","PHL",2351.26439400639
"Bacolod","PHL",566.221338492144
"Cagayan de Oro","PHL",876.685455844381
"Cebu City","PHL",1273.53371920496
"Angeles City","PHL",1947.53245199308
"Dagupan","PHL",792.267446267356
"General Santos","PHL",523.32091461246
"Manila","PHL",5514.63912249668
"Zamboanga City","PHL",1503.53641286198
"Bialystok","PL",2224.55379677534
"Bydgoszcz","PL",2091.4923076713
"Lodz","PL",1685.42500677306
"Warsaw","PL",8577.12143459849
"Wroclaw","PL",2635.55332508468
"Kracow","PL",3746.52703547082
"Poznan","PL",3079.69889864883
"Gdansk","PL",2620.6119868932
"Szczecin","PL",1128.23739195744
"Lublin","PL",3209.81595151229
"Katowice","PL",3933.69518307265
"Lisbon","PT",4016.3768790927
"Porto","PT",953.430583012382
"San Juan","PRI",3766.52079938595
"Doha","QAT",2747.59147769452
"Bucharest","RO",1070.7904454742
"Iasi","RO",794.47411660344
"St Petersburg","RU",3837.8341379004
"Moscow","RU",10210.9906617719
"Tula","RU",1497.03439711442
"Barnaul","RU",1018.09228173398
"Makhachkala","RU",5002.56566268745
"Rostov-on-Don","RU",2468.06233127869
"Novosibirsk","RU",3445.18114574444
"Astrakhan","RU",7116.26523085792
"Chelyabinsk","RU",851.131730037495
"Kazan","RU",2206.41323175764
"Lipetsk","RU",1863.10689290255
"Izhevsk","RU",2499.65783340313
"Ulyanovsk","RU",3090.19668141463
"Penza","RU",1533.20362703278
"Krasnodar","RU",1341.66141638535
"Tyumen","RU",4369.82850615278
"Omsk","RU",4135.80516115506
"Perm","RU",804.741302325997
"Ekaterinburg","RU",3423.61708805548
"Nizhniy Novgorod","RU",4041.74421438357
"Saratov","RU",5517.82733776958
"Tomsk","RU",773.28720528412
"Krasnoyarsk","RU",11970.0910963082
"Yaroslavl","RU",2115.82905292366
"Samara","RU",3292.65426501758
"Voronezh","RU",3410.66560821522
"Orenburg","RU",5923.49844702442
"Khabarovsk","RU",383.979715434959
"Volgograd","RU",8496.87494471051
"Vladivostok","RU",2685.51585933772
"Ufa","RU",715.304374667844
"Novokuznetsk","RU",419.897436840072
"Ryazan","RU",224.827247943246
"Irkutsk","RU",2270.23515442807
"Kigali","RWA",701.412529445967
"Dammam","SAU",2681.64486072171
"Medina","SAU",22979.7649271138
"Mecca","SAU",3866.16411065203
"Riyadh","SAU",28528.1703088097
"Jeddah","SAU",8059.710452147
"Dakar","SEN",636.44606769266
"Belgrade","RS",1612.03237938752
"Freetown","SLE",356.069981662398
"Singapore","SGP",693.967802813221
"Bratislava","SK",2039.55867918635
"Ljubljana","SI",2324.06655600708
"Buffalo City","ZAF",785.558476525693
"Kimberley","ZAF",652.543063531532
"Port Elizabeth","ZAF",1961.2045444894
"Bloemfontein","ZAF",4451.7032382574
"Cape Town","ZAF",1920.39123147915
"Johannesburg","ZAF",3965.49344768758
"Polokwane","ZAF",262.503357375426
"Pretoria","ZAF",2926.37400217811
"Durban","ZAF",1656.98798551548
"Ulsan","KOR",310.304379647705
"Seoul","KOR",6665.64501931172
"Busan","KOR",2498.50480292406
"Daegu","KOR",882.101658606856
"Gwangju","KOR",1738.00095229801
"Daejeon","KOR",538.622886196491
"Changwon","KOR",1176.98200922703
"Alicante","ES",355.450744869815
"Santa Cruz de Tenerife","ES",652.968749330806
"A Coruna","ES",746.244894863955
"Bilbao","ES",1520.34038885679
"Valencia","ES",1738.70207496786
"Seville","ES",4684.70309327743
"Madrid","ES",7867.7167979451
"Barcelona","ES",2605.85414675053
"Zaragossa","ES",2757.2924972636
"Malaga","ES",1519.7996763587
"Murcia","ES",1203.53953565562
"Valladolid","ES",1151.8467896335
"Las Palmas","ES",752.680649092097
"Palma de Mallorca","ES",2015.33159121176
"Granada","ES",1624.92507048004
"Colombo","LKA",2968.74231174177
"Khartoum","SDN",21282.0651206391
"Paramaribo","SUR",1476.34802369245
"Gothenburg","SE",4210.31425562343
"Malmo","SE",1846.61424944161
"Stockholm","SE",6952.72551931948
"Zurich","CH",1273.5616798906
"Bern","CH",777.595106108039
"Lausanne","CH",775.542986255566
"Geneva","CH",537.782366376407
"Basel","CH",691.995444499136
"Taipei","TAI",2560.97343644528
"Taichung","TAI",1898.81488031743
"Kaohsiung","TAI",1163.21182735965
"Tainan","TAI",687.199234615716
"Hsinchu","TAI",628.948047429263
"Dushanbe","TJK",1569.74845513076
"Dar Es Salaam","TZA",1655.97837763593
"Arusha","TZA",457.005350598626
"Dodoma","TZA",190.744583833396
"Mwanza","TZA",310.305345233149
"Bangkok","THA",5950.53394393582
"Lomé","TGO",488.947607901314
"Sfax","TUN",593.810281454377
"Tunis","TUN",1115.15426291701
"Sousse","TUN",561.388077779136
"Istanbul","TR",2916.85214819279
"Izmir","TR",2215.16970102275
"Batman","TR",639.264953547435
"Ankara","TR",3362.55443399142
"Denizli","TR",1102.60850715094
"DIYARBAKIR","TR",2510.68004130711
"KONYA","TR",6619.00330176203
"MALATYA","TR",1920.72724388476
"KAHRAMANMARAS","TR",3726.07682114142
"GAZIANTEP","TR",2255.36522136059
"ANTALYA","TR",1404.22848238536
"ADANA","TR",2286.64607360845
"KAYSERI","TR",2602.01786505213
"ADAPAZARI","TR",644.583921650566
"BURSA","TR",1760.12891677711
"SAMSUN","TR",1137.80534638871
"Ashgabat","TKM",977.661131980396
"Atlanta","US",22894.700253306
"Baltimore","US",7019.21812999947
"Little Rock","US",10874.9036327278
"Syracuse","US",6425.68933752039
"Phoenix","US",37794.33002644
"Toledo","US",3557.15526348298
"Louisville","US",9419.00973475982
"New Orleans","US",12500.979656577
"Seattle","US",15514.6443133525
"Rochester","US",8656.0315790096
"Madison","US",8759.20271125191
"El Paso","US",14498.7968581564
"Fresno","US",15551.5320166948
"Oklahoma City","US",14446.1461590149
"Hartford","US",4016.48330824341
"New York","US",23338.8014830496
"Knoxville","US",9455.06988688886
"Las Vegas","US",20875.4922258396
"Richmond","US",12171.6542122649
"Nashville","US",16521.868593689
"Cleveland","US",5208.63080141976
"Boise City","US",30522.6335726555
"San Antonio","US",19104.131558344
"Orlando","US",10406.5919332697
"Omaha","US",11403.5106250037
"Miami","US",14188.6191019211
"Dallas","US",24985.9804791529
"Honolulu","US",1606.65040719412
"Worcester","US",5431.06236778499
"Charleston","US",7327.78958848799
"Austin","US",11091.6360240101
"Providence","US",4370.35623488205
"Riverside","US",70988.6496770262
"New Haven","US",1603.33091744657
"Salt Lake City","US",20901.9440690148
"Buffalo","US",4101.71099040647
"Fort Myers","US",2315.63667015103
"Tulsa","US",16722.6776126561
"Milwaukee","US",3865.03229206641
"Birmingham (US)","US",13918.8281325511
"Greenville","US",7218.92465820908
"Allentown","US",3812.60241238204
"Bridgeport","US",1695.57592763345
"Durham","US",4695.99983627458
"St. Louis","US",20922.4441594024
"Philadelphia","US",12277.8737359827
"Cincinnati","US",10976.7632174274
"Virginia Beach","US",7567.84155129905
"Baton Rouge","US",10904.1929746107
"Denver","US",21745.3223475249
"Dayton","US",3338.26483518848
"Tucson","US",23828.2222345769
"Portland","US",17625.8330549371
"Bakersfield","US",21186.3083191701
"Akron","US",2398.98386244773
"Albany","US",7452.30815618397
"Boston","US",9496.22671037184
"Tampa","US",6953.40114356361
"Harrisburg","US",4312.24319673168
"Columbia","US",9935.37659750518
"San Diego","US",11056.4072050079
"Jacksonville","US",8900.31366647525
"Indianapolis","US",11230.1898853553
"Des Moines","US",7542.60658458916
"Detroit","US",10392.3317355911
"Greensboro","US",5223.44944612959
"Charlotte","US",13420.4839865961
"Colorado Springs","US",6964.28137424229
"San Jose (US)","US",6970.55789420473
"Grand Rapids","US",7116.12284742528
"Albuquerque","US",24085.0230695259
"Houston","US",22325.1052929313
"Pittsburgh","US",13820.112150239
"Winston-Salem","US",5282.97803748759
"Sacramento","US",13737.548934134
"Kansas City","US",19077.5046231362
"Stockton","US",3698.70134320657
"Wichita","US",13074.1831569858
"Raleigh","US",5556.30810116691
"Chicago","US",18893.2814816697
"Columbus","US",12545.8211662377
"Washington, DC","US",16580.7562492102
"North Port","US",3634.46439370851
"Minneapolis","US",20987.5013757424
"Memphis","US",13219.6506988332
"Los Angeles","US",12705.1352517526
"Oxnard","US",4814.12873741887
"San Francisco","US",6647.65945446854
"Kampala","UGA",1678.35277290728
"Kiev","UR",5914.68742019869
"Odesa","UR",2491.78528522835
"Dnipro","UR",1771.18705965664
"Mykolaiv","UR",1673.26336903438
"Lvov","UR",1126.41998885923
"Kharkiv","UR",2634.03841312632
"Zaporizhzhya","UR",2953.01426538957
"Portsmouth","UK",193.494958173443
"Aberdeen","UK",6483.1570733987
"Bristol","UK",985.280121395026
"Cambridge","UK",1589.39780077979
"Birmingham (UK)","UK",2065.54448479239
"Leeds","UK",5100.66065920452
"Glasgow","UK",3358.70831018433
"Manchester","UK",3110.2390057568
"Liverpool","UK",832.461378732045
"Oxford","UK",1920.73553809214
"Leicester","UK",1396.86321844311
"Edinburgh","UK",1723.88174359771
"Cardiff","UK",839.711344120562
"Southampton","UK",1505.25235000421
"Coventry","UK",732.393077224674
"Northampton","UK",1536.72905288801
"Sheffield","UK",1254.85807864058
"Newcastle upon Tyne","UK",5419.17552157176
"London","UK",6466.91158645508
"Brighton and Hove","UK",418.698526719201
"Derby","UK",679.264650163206
"Kingston upon Hull","UK",2476.85107716917
"Bournemouth","UK",927.632756453607
"Nottingham","UK",900.817568876277
"Belfast","UK",1831.30104365927
"Montevideo","URY",5067.23669595496
"Tashkent","UZB",2706.74255407764
"Guayana City","VEN",1528.17152930532
"Barquisimeto","VEN",3012.07928049981
"Valencia (Venezuela)","VEN",2022.94688310951
"Maracaibo","VEN",2322.55744394424
"Maracay","VEN",1651.07859125021
"Caracas","VEN",1673.93787676719
"Can Tho","VNM",393.316885086625
"Haiphong","VNM",704.527240121346
"HANOI","VNM",3222.77193353572
"Da Nang","VNM",1208.80926009479
"Ho Chi Minh City","VNM",5708.89290868137
"Lusaka","ZMB",12991.595739414
"Ndola","ZMB",1128.21022367952
"Kitwe","ZMB",1214.79400327754
"Buluwayo","ZWE",1074.20757716266
"Harare","ZWE",1917.36852393014
"Tegucigalpa","HND",1951.87463731796
